stat,estimate,se,lo90,hi90,lo95,hi95,p_family,sesoi,call,target
delta_did:1,0.3573,0.418,-0.2037,1.0868,-0.315,1.2936,0.2,0.25,inconclusive,expert_10
delta_target:1,0.559,0.3749,0.1688,1.3307,0.101,1.5127,,0.25,non-equivalent,expert_10
sens_did:1,0.0611,0.0548,-0.0066,0.1632,-0.0143,0.172,,0.05,inconclusive,expert_10
fpr_did:1,-0.0073,0.0088,-0.0238,0.0063,-0.0246,0.0138,,0.05,equivalent,expert_10
delta_did:2,-0.1935,0.4119,-0.774,0.4813,-0.8968,0.6028,0.725,0.25,inconclusive,expert_10
delta_target:2,0.1494,0.1514,0.001,0.4899,-0.0462,0.5045,,0.25,inconclusive,expert_10
sens_did:2,-0.0089,0.0436,-0.0713,0.0639,-0.081,0.068,,0.05,inconclusive,expert_10
fpr_did:2,-0.0149,0.0095,-0.0275,0.0026,-0.0313,0.0033,,0.05,equivalent,expert_10
delta_did:1,-0.0962,1.2555,-1.1713,0.5841,-1.3747,0.6576,0.3125,0.25,inconclusive,expert_11
delta_target:1,0.1055,1.2281,-0.8094,0.8718,-0.9217,0.9491,,0.25,inconclusive,expert_11
sens_did:1,-0.0049,0.0568,-0.1038,0.0832,-0.1049,0.09,,0.05,inconclusive,expert_11
fpr_did:1,-0.0067,0.0654,-0.0513,0.0118,-0.0531,0.0184,,0.05,inconclusive,expert_11
delta_did:2,-0.4701,1.3033,-1.415,0.1757,-1.4893,0.2115,0.3875,0.25,inconclusive,expert_11
delta_target:2,-0.1272,1.2046,-0.7755,0.438,-0.938,0.5191,,0.25,inconclusive,expert_11
sens_did:2,-0.0271,0.0475,-0.0977,0.0518,-0.1162,0.0547,,0.05,inconclusive,expert_11
fpr_did:2,-0.0307,0.0642,-0.0648,-0.004,-0.073,-0.0035,,0.05,inconclusive,expert_11
delta_did:1,0.3228,0.5113,-0.3509,0.9575,-0.952,1.1345,0.075,0.25,inconclusive,expert_12
delta_target:1,0.5245,0.6228,-0.2039,1.2547,-0.7752,1.5623,,0.25,inconclusive,expert_12
sens_did:1,0.0507,0.0601,-0.0578,0.1271,-0.0969,0.1452,,0.05,inconclusive,expert_12
fpr_did:1,-0.003,0.01,-0.0176,0.0128,-0.0195,0.0185,,0.05,equivalent,expert_12
delta_did:2,-0.1633,0.6913,-1.4293,0.6686,-1.73,1.0223,0.275,0.25,inconclusive,expert_12
delta_target:2,0.1796,0.6636,-0.9965,1.2328,-1.2345,1.388,,0.25,inconclusive,expert_12
sens_did:2,-0.0015,0.0823,-0.1346,0.112,-0.153,0.1634,,0.05,inconclusive,expert_12
fpr_did:2,-0.0165,0.0112,-0.0325,-0.0015,-0.0386,0.0018,,0.05,equivalent,expert_12
delta_did:1,0.6716,1.8347,-2.9101,3.2275,-3.0587,3.4911,0.1375,0.25,inconclusive,expert_3
delta_target:1,0.8733,1.8382,-2.6825,3.4336,-3.0026,3.7785,,0.25,inconclusive,expert_3
sens_did:1,0.0332,0.0945,-0.1597,0.1452,-0.1775,0.1625,,0.05,inconclusive,expert_3
fpr_did:1,0.0475,0.1057,-0.1101,0.2164,-0.1197,0.219,,0.05,inconclusive,expert_3
delta_did:2,-0.5955,0.9442,-2.482,0.579,-2.8253,1.2262,0.2625,0.25,inconclusive,expert_3
delta_target:2,-0.2526,0.8664,-1.6604,0.9686,-2.2524,1.685,,0.25,inconclusive,expert_3
sens_did:2,-0.0718,0.0689,-0.1766,0.0587,-0.1872,0.1179,,0.05,inconclusive,expert_3
fpr_did:2,-0.0136,0.0374,-0.0831,0.0183,-0.1085,0.0448,,0.05,inconclusive,expert_3
delta_did:1,-0.3782,0.372,-1.0917,0.0136,-1.2856,0.0784,0.9,0.25,inconclusive,expert_6
delta_target:1,-0.1765,0.2861,-0.5938,0.1328,-0.6844,0.4039,,0.25,inconclusive,expert_6
sens_did:1,-0.0209,0.0283,-0.0702,0.015,-0.0834,0.0216,,0.05,inconclusive,expert_6
fpr_did:1,-0.0254,0.0204,-0.0577,0.0093,-0.0587,0.0138,,0.05,inconclusive,expert_6
delta_did:2,-0.59,0.3886,-1.2524,-0.1811,-1.371,-0.1571,0.35,0.25,inconclusive,expert_6
delta_target:2,-0.2471,0.2323,-0.6555,0.0092,-0.9117,0.0834,,0.25,inconclusive,expert_6
sens_did:2,-0.0337,0.0299,-0.0755,0.0185,-0.0797,0.0216,,0.05,inconclusive,expert_6
fpr_did:2,-0.0387,0.0146,-0.061,-0.0163,-0.0635,-0.0095,,0.05,inconclusive,expert_6
delta_did:1,0.6625,0.9159,-0.8294,1.8101,-1.0971,2.1037,0.05,0.25,inconclusive,expert_7
delta_target:1,0.8642,0.9091,-0.5401,2.2566,-0.8603,2.3061,,0.25,inconclusive,expert_7
sens_did:1,0.1047,0.1066,-0.0594,0.2495,-0.0623,0.2634,,0.05,inconclusive,expert_7
fpr_did:1,-0.0067,0.0091,-0.0182,0.0112,-0.0204,0.0133,,0.05,equivalent,expert_7
delta_did:2,0.1657,0.8531,-0.947,1.6489,-1.0593,1.7106,0.5125,0.25,inconclusive,expert_7
delta_target:2,0.5086,0.7278,-0.4165,1.7486,-0.5898,1.8084,,0.25,inconclusive,expert_7
sens_did:2,0.0236,0.083,-0.1046,0.1487,-0.1065,0.1614,,0.05,inconclusive,expert_7
fpr_did:2,0.0002,0.0196,-0.0276,0.0318,-0.03,0.0344,,0.05,equivalent,expert_7
delta_did:1,-1.0097,0.7452,-2.3031,-0.3868,-3.2377,-0.3429,0.8625,0.25,inconclusive,expert_8
delta_target:1,-0.808,0.6807,-1.7384,-0.1204,-2.5542,-0.0536,,0.25,non-equivalent,expert_8
sens_did:1,-0.0544,0.0461,-0.1157,0.0171,-0.1366,0.024,,0.05,inconclusive,expert_8
fpr_did:1,-0.0694,0.0101,-0.0822,-0.0501,-0.0826,-0.0471,,0.05,non-equivalent,expert_8
delta_did:2,-0.9919,0.6207,-2.0982,-0.3854,-2.3138,-0.315,0.3625,0.25,inconclusive,expert_8
delta_target:2,-0.649,0.5166,-1.6666,-0.1122,-1.6878,-0.0672,,0.25,non-equivalent,expert_8
sens_did:2,-0.0739,0.0353,-0.1295,-0.0141,-0.1461,-0.006,,0.05,non-equivalent,expert_8
fpr_did:2,-0.0536,0.0181,-0.0755,-0.0203,-0.0815,-0.0146,,0.05,non-equivalent,expert_8
delta_did:1,-0.3353,0.4281,-1.193,0.0453,-1.3046,0.1319,0.95,0.25,inconclusive,expert_9
delta_target:1,-0.1336,0.3684,-0.9446,0.2354,-0.9889,0.3468,,0.25,inconclusive,expert_9
sens_did:1,-0.0134,0.0251,-0.0617,0.0169,-0.066,0.0192,,0.05,inconclusive,expert_9
fpr_did:1,-0.0266,0.024,-0.0616,0.0071,-0.067,0.01,,0.05,inconclusive,expert_9
delta_did:2,-0.7676,0.5796,-1.8249,0.0046,-2.3274,0.072,0.525,0.25,inconclusive,expert_9
delta_target:2,-0.4247,0.4983,-1.4434,0.2473,-1.6514,0.3421,,0.25,inconclusive,expert_9
sens_did:2,-0.0519,0.033,-0.1088,0.0027,-0.111,0.0059,,0.05,inconclusive,expert_9
fpr_did:2,-0.0451,0.0241,-0.0801,-0.0011,-0.0832,0.0112,,0.05,inconclusive,expert_9
