stat,estimate,se,lo90,hi90,lo95,hi95,null_centre,p_family,sesoi,call,area,model,paraphrase,invalid_rate,human_min,human_max,exceeds_human_range
delta_pp:1,2.9395,1.4272,0.7137,5.4376,0.529,5.8558,0.0296,0.0,3.0,inconclusive,economic,Qwen/Qwen2.5-7B-Instruct,a,0.0,-4.9961,5.5263,False
sens_diff:1,0.0392,0.0092,0.025,0.0551,0.0228,0.0584,0.0031,0.0,0.05,inconclusive,economic,Qwen/Qwen2.5-7B-Instruct,a,0.0,-0.03,0.1217,False
fpr_diff:1,0.0226,0.0243,-0.0144,0.0638,-0.0223,0.0726,-0.0018,0.1,0.05,inconclusive,economic,Qwen/Qwen2.5-7B-Instruct,a,0.0,-0.0647,0.0514,False
delta_pp:2,-0.6952,1.9542,-3.8425,2.7609,-4.449,3.3156,-0.0603,0.628,3.0,inconclusive,economic,Qwen/Qwen2.5-7B-Instruct,a,0.0,-4.6316,4.0971,False
sens_diff:2,0.0159,0.0111,-0.0004,0.0358,-0.0026,0.0404,0.0006,0.2,0.05,equivalent,economic,Qwen/Qwen2.5-7B-Instruct,a,0.0,-0.0465,0.0536,False
fpr_diff:2,-0.0225,0.0321,-0.073,0.0317,-0.0877,0.0432,-0.0015,0.22,0.05,inconclusive,economic,Qwen/Qwen2.5-7B-Instruct,a,0.0,-0.0464,0.0323,False
delta_pp:1,2.3605,1.4936,-0.4,4.5434,-0.717,4.8809,0.0257,0.004,3.0,inconclusive,economic,ibm-granite/granite-3.3-8b-instruct,a,0.0,-4.9961,5.5263,False
sens_diff:1,0.0631,0.0131,0.0384,0.081,0.0341,0.0863,0.0033,0.0,0.05,non-equivalent,economic,ibm-granite/granite-3.3-8b-instruct,a,0.0,-0.03,0.1217,False
fpr_diff:1,-0.0056,0.0245,-0.0511,0.0295,-0.0574,0.036,-0.002,0.992,0.05,inconclusive,economic,ibm-granite/granite-3.3-8b-instruct,a,0.0,-0.0647,0.0514,False
delta_pp:2,1.8843,1.8811,-1.1444,5.074,-1.7685,5.5019,0.0,0.022,3.0,inconclusive,economic,ibm-granite/granite-3.3-8b-instruct,a,0.0,-4.6316,4.0971,False
sens_diff:2,0.0516,0.0196,0.0176,0.082,0.0087,0.0882,0.0014,0.0,0.05,non-equivalent,economic,ibm-granite/granite-3.3-8b-instruct,a,0.0,-0.0465,0.0536,False
fpr_diff:2,-0.0038,0.0245,-0.0434,0.0344,-0.0499,0.0417,-0.001,0.996,0.05,equivalent,economic,ibm-granite/granite-3.3-8b-instruct,a,0.0,-0.0464,0.0323,False
delta_pp:1,3.6188,1.8858,0.5922,6.539,-0.0289,7.2522,0.0359,0.0,3.0,inconclusive,economic,microsoft/Phi-3.5-mini-instruct,a,0.0,-4.9961,5.5263,False
sens_diff:1,0.0708,0.0181,0.0426,0.1025,0.0362,0.1074,0.003,0.0,0.05,non-equivalent,economic,microsoft/Phi-3.5-mini-instruct,a,0.0,-0.03,0.1217,False
fpr_diff:1,0.0106,0.0297,-0.0392,0.0574,-0.0462,0.0657,-0.0017,0.604,0.05,inconclusive,economic,microsoft/Phi-3.5-mini-instruct,a,0.0,-0.0647,0.0514,False
delta_pp:2,3.0648,2.2488,-0.7127,6.51,-1.3262,7.3228,-0.0499,0.0,3.0,inconclusive,economic,microsoft/Phi-3.5-mini-instruct,a,0.0,-4.6316,4.0971,False
sens_diff:2,0.0583,0.022,0.0232,0.0952,0.0184,0.1059,0.0008,0.0,0.05,non-equivalent,economic,microsoft/Phi-3.5-mini-instruct,a,0.0,-0.0465,0.0536,True
fpr_diff:2,0.0115,0.0327,-0.0418,0.0634,-0.0523,0.0742,-0.0014,0.552,0.05,inconclusive,economic,microsoft/Phi-3.5-mini-instruct,a,0.0,-0.0464,0.0323,False
delta_pp:1,4.9661,1.7581,1.8115,7.5858,1.0644,8.2123,0.1066,0.0,3.0,non-equivalent,economic,mistralai/Mistral-7B-Instruct-v0.3,a,0.0,-4.9961,5.5263,False
sens_diff:1,0.1036,0.0233,0.0619,0.1383,0.0544,0.1459,0.0037,0.0,0.05,non-equivalent,economic,mistralai/Mistral-7B-Instruct-v0.3,a,0.0,-0.03,0.1217,False
fpr_diff:1,0.0097,0.0223,-0.0298,0.0445,-0.0367,0.0503,-0.0008,0.534,0.05,equivalent,economic,mistralai/Mistral-7B-Instruct-v0.3,a,0.0,-0.0647,0.0514,False
delta_pp:2,1.7355,1.8593,-0.9211,5.2592,-1.2399,5.8896,0.0426,0.044,3.0,inconclusive,economic,mistralai/Mistral-7B-Instruct-v0.3,a,0.0,-4.6316,4.0971,False
sens_diff:2,0.0599,0.0271,0.0172,0.1044,0.0106,0.1166,0.0025,0.0,0.05,non-equivalent,economic,mistralai/Mistral-7B-Instruct-v0.3,a,0.0,-0.0465,0.0536,True
fpr_diff:2,-0.0121,0.0212,-0.045,0.0245,-0.0505,0.031,-0.001,0.538,0.05,equivalent,economic,mistralai/Mistral-7B-Instruct-v0.3,a,0.0,-0.0464,0.0323,False
delta_pp:1,2.0905,1.405,-0.0864,4.643,-0.5141,5.0363,0.1035,0.012,3.0,inconclusive,economic,Qwen/Qwen2.5-7B-Instruct,b,0.0,-4.9961,5.5263,False
sens_diff:1,0.0429,0.015,0.0191,0.0679,0.0152,0.0719,0.0037,0.0,0.05,inconclusive,economic,Qwen/Qwen2.5-7B-Instruct,b,0.0,-0.03,0.1217,False
fpr_diff:1,0.0048,0.0197,-0.0249,0.0397,-0.0302,0.0459,-0.0009,0.954,0.05,equivalent,economic,Qwen/Qwen2.5-7B-Instruct,b,0.0,-0.0647,0.0514,False
delta_pp:2,1.5207,1.7198,-1.8118,4.0245,-2.1049,4.5079,-0.0307,0.044,3.0,inconclusive,economic,Qwen/Qwen2.5-7B-Instruct,b,0.0,-4.6316,4.0971,False
sens_diff:2,0.0399,0.016,0.0139,0.0644,0.0085,0.0697,0.0014,0.0,0.05,inconclusive,economic,Qwen/Qwen2.5-7B-Instruct,b,0.0,-0.0465,0.0536,False
fpr_diff:2,-0.0017,0.0209,-0.0395,0.0306,-0.0458,0.0372,-0.0015,1.0,0.05,equivalent,economic,Qwen/Qwen2.5-7B-Instruct,b,0.0,-0.0464,0.0323,False
delta_pp:1,4.5829,1.3942,2.4137,6.787,1.8923,7.1826,0.0342,0.0,3.0,non-equivalent,economic,ibm-granite/granite-3.3-8b-instruct,b,0.0,-4.9961,5.5263,False
sens_diff:1,0.0998,0.0235,0.0631,0.1387,0.0539,0.1479,0.0031,0.0,0.05,non-equivalent,economic,ibm-granite/granite-3.3-8b-instruct,b,0.0,-0.03,0.1217,False
fpr_diff:1,0.0057,0.0152,-0.02,0.0288,-0.0264,0.0343,-0.0017,0.846,0.05,equivalent,economic,ibm-granite/granite-3.3-8b-instruct,b,0.0,-0.0647,0.0514,False
delta_pp:2,0.4632,1.6839,-2.0014,3.6422,-2.5078,4.2055,-0.0161,0.788,3.0,inconclusive,economic,ibm-granite/granite-3.3-8b-instruct,b,0.0,-4.6316,4.0971,False
sens_diff:2,0.0377,0.0296,-0.0069,0.092,-0.0143,0.0998,0.0013,0.044,0.05,inconclusive,economic,ibm-granite/granite-3.3-8b-instruct,b,0.0,-0.0465,0.0536,False
fpr_diff:2,-0.0186,0.0155,-0.0424,0.0081,-0.0454,0.0146,-0.0012,0.106,0.05,equivalent,economic,ibm-granite/granite-3.3-8b-instruct,b,0.0,-0.0464,0.0323,False
delta_pp:1,4.3086,1.5379,1.7342,6.7718,1.3618,7.3549,0.0493,0.0,3.0,non-equivalent,economic,microsoft/Phi-3.5-mini-instruct,b,0.0,-4.9961,5.5263,False
sens_diff:1,0.0863,0.0231,0.0496,0.1254,0.0422,0.1343,0.0026,0.0,0.05,non-equivalent,economic,microsoft/Phi-3.5-mini-instruct,b,0.0,-0.03,0.1217,False
fpr_diff:1,0.0109,0.0174,-0.0202,0.0362,-0.0274,0.0414,-0.0011,0.482,0.05,equivalent,economic,microsoft/Phi-3.5-mini-instruct,b,0.0,-0.0647,0.0514,False
delta_pp:2,2.6269,2.1234,-0.9376,5.8267,-1.4141,6.7234,-0.0693,0.002,3.0,inconclusive,economic,microsoft/Phi-3.5-mini-instruct,b,0.0,-4.6316,4.0971,False
sens_diff:2,0.0554,0.029,0.011,0.1038,0.0048,0.1166,-0.0002,0.0,0.05,non-equivalent,economic,microsoft/Phi-3.5-mini-instruct,b,0.0,-0.0465,0.0536,True
fpr_diff:2,0.006,0.024,-0.0354,0.0428,-0.0399,0.0493,-0.0011,0.874,0.05,equivalent,economic,microsoft/Phi-3.5-mini-instruct,b,0.0,-0.0464,0.0323,False
delta_pp:1,5.5371,0.971,4.0051,7.1711,3.6789,7.5793,-0.0043,0.0,3.0,non-equivalent,economic,mistralai/Mistral-7B-Instruct-v0.3,b,0.0,-4.9961,5.5263,True
sens_diff:1,0.1242,0.0191,0.0943,0.1562,0.0894,0.1638,0.0019,0.0,0.05,non-equivalent,economic,mistralai/Mistral-7B-Instruct-v0.3,b,0.0,-0.03,0.1217,True
fpr_diff:1,0.0037,0.0073,-0.008,0.0158,-0.0097,0.0177,-0.0015,0.754,0.05,equivalent,economic,mistralai/Mistral-7B-Instruct-v0.3,b,0.0,-0.0647,0.0514,False
delta_pp:2,1.9056,1.7282,-0.7661,4.9616,-0.9888,5.8096,-0.052,0.004,3.0,inconclusive,economic,mistralai/Mistral-7B-Instruct-v0.3,b,0.0,-4.6316,4.0971,False
sens_diff:2,0.0435,0.034,-0.0047,0.1084,-0.0139,0.1164,0.0006,0.012,0.05,inconclusive,economic,mistralai/Mistral-7B-Instruct-v0.3,b,0.0,-0.0465,0.0536,False
fpr_diff:2,0.0014,0.0119,-0.0167,0.0216,-0.0202,0.0269,-0.0013,0.968,0.05,equivalent,economic,mistralai/Mistral-7B-Instruct-v0.3,b,0.0,-0.0464,0.0323,False
delta_pp:1,1.7575,1.2894,-0.1506,3.9375,-0.3941,4.5492,0.0035,0.032,3.0,inconclusive,economic,Qwen/Qwen2.5-7B-Instruct,c,0.0,-4.9961,5.5263,False
sens_diff:1,0.0347,0.0115,0.0194,0.0564,0.0172,0.0616,0.0021,0.0,0.05,inconclusive,economic,Qwen/Qwen2.5-7B-Instruct,c,0.0,-0.03,0.1217,False
fpr_diff:1,0.0049,0.0196,-0.024,0.0384,-0.0282,0.0466,-0.0015,0.95,0.05,equivalent,economic,Qwen/Qwen2.5-7B-Instruct,c,0.0,-0.0647,0.0514,False
delta_pp:2,-0.493,1.7347,-3.21,2.5129,-3.6555,2.9074,-0.0214,0.776,3.0,inconclusive,economic,Qwen/Qwen2.5-7B-Instruct,c,0.0,-4.6316,4.0971,False
sens_diff:2,0.0083,0.0121,-0.0079,0.0288,-0.011,0.0367,0.0009,0.844,0.05,equivalent,economic,Qwen/Qwen2.5-7B-Instruct,c,0.0,-0.0465,0.0536,False
fpr_diff:2,-0.0141,0.0258,-0.0561,0.0277,-0.0643,0.0379,-0.001,0.628,0.05,inconclusive,economic,Qwen/Qwen2.5-7B-Instruct,c,0.0,-0.0464,0.0323,False
delta_pp:1,2.1823,1.4509,-0.4942,4.2711,-0.9248,4.5668,-0.013,0.014,3.0,inconclusive,economic,ibm-granite/granite-3.3-8b-instruct,c,0.0,-4.9961,5.5263,False
sens_diff:1,0.0685,0.012,0.0465,0.0863,0.042,0.0882,0.0022,0.0,0.05,non-equivalent,economic,ibm-granite/granite-3.3-8b-instruct,c,0.0,-0.03,0.1217,False
fpr_diff:1,-0.0125,0.0225,-0.0532,0.0217,-0.0609,0.025,-0.0019,0.768,0.05,inconclusive,economic,ibm-granite/granite-3.3-8b-instruct,c,0.0,-0.0647,0.0514,False
delta_pp:2,0.6399,1.6425,-2.189,3.1386,-2.7218,3.6553,-0.0513,0.61,3.0,inconclusive,economic,ibm-granite/granite-3.3-8b-instruct,c,0.0,-4.6316,4.0971,False
sens_diff:2,0.0512,0.015,0.0256,0.074,0.0206,0.0779,0.0007,0.0,0.05,non-equivalent,economic,ibm-granite/granite-3.3-8b-instruct,c,0.0,-0.0465,0.0536,False
fpr_diff:2,-0.0245,0.0239,-0.068,0.0127,-0.0729,0.0213,-0.0014,0.11,0.05,inconclusive,economic,ibm-granite/granite-3.3-8b-instruct,c,0.0,-0.0464,0.0323,False
delta_pp:1,2.9806,1.5475,0.2495,5.1746,-0.2702,5.7165,0.0309,0.0,3.0,inconclusive,economic,microsoft/Phi-3.5-mini-instruct,c,0.0,-4.9961,5.5263,False
sens_diff:1,0.0698,0.0207,0.0345,0.1002,0.0298,0.1068,0.0027,0.0,0.05,non-equivalent,economic,microsoft/Phi-3.5-mini-instruct,c,0.0,-0.03,0.1217,False
fpr_diff:1,0.0002,0.0206,-0.034,0.0312,-0.0412,0.0373,-0.0015,1.0,0.05,equivalent,economic,microsoft/Phi-3.5-mini-instruct,c,0.0,-0.0647,0.0514,False
delta_pp:2,1.939,1.7099,-0.7636,4.6479,-1.3374,5.2747,-0.019,0.024,3.0,inconclusive,economic,microsoft/Phi-3.5-mini-instruct,c,0.0,-4.6316,4.0971,False
sens_diff:2,0.0507,0.023,0.0105,0.084,0.0055,0.0907,0.0008,0.0,0.05,non-equivalent,economic,microsoft/Phi-3.5-mini-instruct,c,0.0,-0.0465,0.0536,False
fpr_diff:2,-0.0023,0.0224,-0.0398,0.0344,-0.0466,0.0419,-0.0009,1.0,0.05,equivalent,economic,microsoft/Phi-3.5-mini-instruct,c,0.0,-0.0464,0.0323,False
delta_pp:1,5.1812,1.5503,2.6336,7.6318,1.9281,8.2923,0.073,0.0,3.0,non-equivalent,economic,mistralai/Mistral-7B-Instruct-v0.3,c,0.0,-4.9961,5.5263,False
sens_diff:1,0.0988,0.024,0.0624,0.1392,0.0544,0.1507,0.0024,0.0,0.05,non-equivalent,economic,mistralai/Mistral-7B-Instruct-v0.3,c,0.0,-0.03,0.1217,False
fpr_diff:1,0.0167,0.0187,-0.0181,0.0452,-0.0243,0.0497,-0.0005,0.25,0.05,equivalent,economic,mistralai/Mistral-7B-Instruct-v0.3,c,0.0,-0.0647,0.0514,False
delta_pp:2,-0.0559,1.8188,-2.784,3.1355,-3.1252,3.8345,-0.0357,0.996,3.0,inconclusive,economic,mistralai/Mistral-7B-Instruct-v0.3,c,0.0,-4.6316,4.0971,False
sens_diff:2,0.0203,0.0293,-0.0251,0.0696,-0.0317,0.0827,0.0006,0.432,0.05,inconclusive,economic,mistralai/Mistral-7B-Instruct-v0.3,c,0.0,-0.0465,0.0536,False
fpr_diff:2,-0.0155,0.0197,-0.0459,0.0171,-0.0498,0.023,-0.001,0.398,0.05,equivalent,economic,mistralai/Mistral-7B-Instruct-v0.3,c,0.0,-0.0464,0.0323,False
delta_pp:1,-4.8966,2.1236,-8.1774,-1.3327,-8.6303,-0.7124,0.0338,0.0,3.0,non-equivalent,social,Qwen/Qwen2.5-7B-Instruct,a,0.0,-3.8927,2.9036,True
sens_diff:1,-0.0348,0.0426,-0.1021,0.0353,-0.1147,0.0479,0.0011,0.44,0.05,inconclusive,social,Qwen/Qwen2.5-7B-Instruct,a,0.0,-0.1203,0.1374,False
fpr_diff:1,-0.0509,0.0211,-0.0844,-0.0155,-0.0883,-0.0105,0.0002,0.0,0.05,non-equivalent,social,Qwen/Qwen2.5-7B-Instruct,a,0.0,-0.0385,0.0202,True
delta_pp:2,0.6358,1.8068,-2.2889,3.5077,-2.728,3.9542,0.0158,0.526,3.0,inconclusive,social,Qwen/Qwen2.5-7B-Instruct,a,0.0,-1.5173,1.7696,False
sens_diff:2,0.0893,0.0519,0.0081,0.1813,-0.0064,0.1919,-0.0029,0.0,0.05,inconclusive,social,Qwen/Qwen2.5-7B-Instruct,a,0.0,-0.0822,0.1169,False
fpr_diff:2,-0.0063,0.0179,-0.0357,0.0227,-0.0438,0.029,0.0006,0.742,0.05,equivalent,social,Qwen/Qwen2.5-7B-Instruct,a,0.0,-0.013,0.0192,False
delta_pp:1,-5.3289,2.7016,-9.5346,-0.4047,-10.6165,0.154,0.0119,0.0,3.0,inconclusive,social,ibm-granite/granite-3.3-8b-instruct,a,0.0,-3.8927,2.9036,True
sens_diff:1,-0.0225,0.0289,-0.065,0.0304,-0.0744,0.0371,0.001,0.468,0.05,inconclusive,social,ibm-granite/granite-3.3-8b-instruct,a,0.0,-0.1203,0.1374,False
fpr_diff:1,-0.0577,0.0289,-0.1029,-0.0032,-0.112,0.0008,-0.0,0.0,0.05,inconclusive,social,ibm-granite/granite-3.3-8b-instruct,a,0.0,-0.0385,0.0202,True
delta_pp:2,-1.4569,2.0149,-4.8188,1.7734,-5.7013,2.4365,0.0907,0.104,3.0,inconclusive,social,ibm-granite/granite-3.3-8b-instruct,a,0.0,-1.5173,1.7696,False
sens_diff:2,0.0245,0.0219,-0.0105,0.0586,-0.0193,0.0635,-0.0017,0.404,0.05,inconclusive,social,ibm-granite/granite-3.3-8b-instruct,a,0.0,-0.0822,0.1169,False
fpr_diff:2,-0.0204,0.0222,-0.0572,0.0145,-0.0668,0.0214,0.0013,0.068,0.05,inconclusive,social,ibm-granite/granite-3.3-8b-instruct,a,0.0,-0.013,0.0192,True
delta_pp:1,-5.5375,2.433,-9.2055,-1.4192,-9.7826,-0.583,0.0453,0.0,3.0,non-equivalent,social,microsoft/Phi-3.5-mini-instruct,a,0.0,-3.8927,2.9036,True
sens_diff:1,-0.0013,0.0289,-0.0519,0.048,-0.0571,0.0553,0.0004,1.0,0.05,inconclusive,social,microsoft/Phi-3.5-mini-instruct,a,0.0,-0.1203,0.1374,False
fpr_diff:1,-0.0632,0.0278,-0.1057,-0.0155,-0.1109,-0.0059,0.0005,0.0,0.05,non-equivalent,social,microsoft/Phi-3.5-mini-instruct,a,0.0,-0.0385,0.0202,True
delta_pp:2,-0.2781,1.8155,-3.1131,2.8204,-3.8159,3.295,0.0517,0.892,3.0,inconclusive,social,microsoft/Phi-3.5-mini-instruct,a,0.0,-1.5173,1.7696,False
sens_diff:2,0.0575,0.0301,0.0045,0.0995,-0.0039,0.1068,-0.001,0.01,0.05,inconclusive,social,microsoft/Phi-3.5-mini-instruct,a,0.0,-0.0822,0.1169,False
fpr_diff:2,-0.0118,0.0221,-0.0463,0.0249,-0.0546,0.0353,0.0007,0.516,0.05,equivalent,social,microsoft/Phi-3.5-mini-instruct,a,0.0,-0.013,0.0192,False
delta_pp:1,-6.9703,2.5472,-11.2613,-3.1543,-11.9932,-2.3154,-0.0142,0.0,3.0,non-equivalent,social,mistralai/Mistral-7B-Instruct-v0.3,a,0.0,-3.8927,2.9036,True
sens_diff:1,0.0029,0.0071,-0.0088,0.0145,-0.01,0.017,-0.0004,0.984,0.05,equivalent,social,mistralai/Mistral-7B-Instruct-v0.3,a,0.0,-0.1203,0.1374,False
fpr_diff:1,-0.0803,0.0289,-0.1297,-0.0379,-0.1373,-0.0274,-0.0001,0.0,0.05,non-equivalent,social,mistralai/Mistral-7B-Instruct-v0.3,a,0.0,-0.0385,0.0202,True
delta_pp:2,-1.2221,1.9701,-4.5409,2.048,-5.1139,2.5774,0.0137,0.22,3.0,inconclusive,social,mistralai/Mistral-7B-Instruct-v0.3,a,0.0,-1.5173,1.7696,False
sens_diff:2,0.0099,0.008,-0.0033,0.0232,-0.0054,0.0254,-0.001,0.532,0.05,equivalent,social,mistralai/Mistral-7B-Instruct-v0.3,a,0.0,-0.0822,0.1169,False
fpr_diff:2,-0.0152,0.0226,-0.0521,0.0211,-0.059,0.029,0.0003,0.316,0.05,inconclusive,social,mistralai/Mistral-7B-Instruct-v0.3,a,0.0,-0.013,0.0192,True
delta_pp:1,-1.1395,2.481,-5.1126,3.1237,-5.5613,4.1089,0.0072,0.106,3.0,inconclusive,social,Qwen/Qwen2.5-7B-Instruct,b,0.0,-3.8927,2.9036,False
sens_diff:1,-0.0017,0.0392,-0.0588,0.0674,-0.0667,0.083,-0.0009,1.0,0.05,inconclusive,social,Qwen/Qwen2.5-7B-Instruct,b,0.0,-0.1203,0.1374,False
fpr_diff:1,-0.0129,0.0239,-0.0505,0.0277,-0.0569,0.0375,0.0002,0.122,0.05,inconclusive,social,Qwen/Qwen2.5-7B-Instruct,b,0.0,-0.0385,0.0202,False
delta_pp:2,-0.8641,1.7988,-4.0024,1.9521,-4.4791,2.4889,0.0008,0.288,3.0,inconclusive,social,Qwen/Qwen2.5-7B-Instruct,b,0.0,-1.5173,1.7696,False
sens_diff:2,-0.0306,0.0283,-0.0708,0.0196,-0.0784,0.0344,-0.002,0.444,0.05,inconclusive,social,Qwen/Qwen2.5-7B-Instruct,b,0.0,-0.0822,0.1169,False
fpr_diff:2,-0.0052,0.0176,-0.0358,0.0221,-0.0409,0.0256,0.0003,0.802,0.05,equivalent,social,Qwen/Qwen2.5-7B-Instruct,b,0.0,-0.013,0.0192,False
delta_pp:1,-6.3815,2.7643,-10.6044,-1.6301,-11.5795,-0.7218,0.0132,0.0,3.0,non-equivalent,social,ibm-granite/granite-3.3-8b-instruct,b,0.0,-3.8927,2.9036,True
sens_diff:1,0.0072,0.0089,-0.0069,0.0216,-0.0115,0.0245,0.0002,0.858,0.05,equivalent,social,ibm-granite/granite-3.3-8b-instruct,b,0.0,-0.1203,0.1374,False
fpr_diff:1,-0.0742,0.0309,-0.1212,-0.0209,-0.1317,-0.0102,0.0001,0.0,0.05,non-equivalent,social,ibm-granite/granite-3.3-8b-instruct,b,0.0,-0.0385,0.0202,True
delta_pp:2,-0.1131,1.3814,-2.5732,1.9735,-2.9577,2.366,-0.0269,0.996,3.0,equivalent,social,ibm-granite/granite-3.3-8b-instruct,b,0.0,-1.5173,1.7696,False
sens_diff:2,0.0191,0.008,0.0065,0.0324,0.0041,0.0341,-0.0012,0.1,0.05,equivalent,social,ibm-granite/granite-3.3-8b-instruct,b,0.0,-0.0822,0.1169,False
fpr_diff:2,-0.0039,0.0156,-0.0314,0.02,-0.0362,0.0233,-0.0001,0.984,0.05,equivalent,social,ibm-granite/granite-3.3-8b-instruct,b,0.0,-0.013,0.0192,False
delta_pp:1,-6.609,2.5435,-10.5826,-1.9353,-11.0646,-0.8872,-0.0215,0.0,3.0,non-equivalent,social,microsoft/Phi-3.5-mini-instruct,b,0.0,-3.8927,2.9036,True
sens_diff:1,-0.0195,0.0171,-0.0481,0.0077,-0.0539,0.0136,0.0009,0.256,0.05,equivalent,social,microsoft/Phi-3.5-mini-instruct,b,0.0,-0.1203,0.1374,False
fpr_diff:1,-0.0729,0.0285,-0.1169,-0.0199,-0.124,-0.0089,-0.0004,0.0,0.05,non-equivalent,social,microsoft/Phi-3.5-mini-instruct,b,0.0,-0.0385,0.0202,True
delta_pp:2,-1.1462,2.0146,-4.5743,2.2856,-5.1863,2.7755,-0.0233,0.332,3.0,inconclusive,social,microsoft/Phi-3.5-mini-instruct,b,0.0,-1.5173,1.7696,False
sens_diff:2,0.0083,0.0142,-0.0158,0.0294,-0.0218,0.0339,-0.0001,0.908,0.05,equivalent,social,microsoft/Phi-3.5-mini-instruct,b,0.0,-0.0822,0.1169,False
fpr_diff:2,-0.0143,0.0233,-0.0534,0.0257,-0.0615,0.0327,-0.0002,0.442,0.05,inconclusive,social,microsoft/Phi-3.5-mini-instruct,b,0.0,-0.013,0.0192,True
delta_pp:1,-7.5098,2.1062,-10.7372,-3.6671,-11.4724,-3.1509,-0.0043,0.0,3.0,non-equivalent,social,mistralai/Mistral-7B-Instruct-v0.3,b,0.0,-3.8927,2.9036,True
sens_diff:1,0.0087,0.0045,0.0008,0.0155,-0.0014,0.0162,0.0,0.226,0.05,equivalent,social,mistralai/Mistral-7B-Instruct-v0.3,b,0.0,-0.1203,0.1374,False
fpr_diff:1,-0.0874,0.0238,-0.1238,-0.0433,-0.1314,-0.0382,-0.0001,0.0,0.05,non-equivalent,social,mistralai/Mistral-7B-Instruct-v0.3,b,0.0,-0.0385,0.0202,True
delta_pp:2,-1.1982,1.5296,-3.7283,1.2194,-4.5218,1.6118,0.0097,0.204,3.0,inconclusive,social,mistralai/Mistral-7B-Instruct-v0.3,b,0.0,-1.5173,1.7696,False
sens_diff:2,0.0129,0.0044,0.0043,0.0187,0.0023,0.0194,-0.0008,0.03,0.05,equivalent,social,mistralai/Mistral-7B-Instruct-v0.3,b,0.0,-0.0822,0.1169,False
fpr_diff:2,-0.0154,0.0173,-0.0445,0.0123,-0.0526,0.0168,0.0002,0.226,0.05,equivalent,social,mistralai/Mistral-7B-Instruct-v0.3,b,0.0,-0.013,0.0192,True
delta_pp:1,-3.0121,1.8858,-5.8112,0.5615,-6.4431,1.0294,0.0416,0.0,3.0,inconclusive,social,Qwen/Qwen2.5-7B-Instruct,c,0.0,-3.8927,2.9036,False
sens_diff:1,-0.026,0.0346,-0.0771,0.0336,-0.0855,0.0436,0.0011,0.646,0.05,inconclusive,social,Qwen/Qwen2.5-7B-Instruct,c,0.0,-0.1203,0.1374,False
fpr_diff:1,-0.0306,0.0183,-0.0577,0.003,-0.0613,0.0092,0.0003,0.0,0.05,inconclusive,social,Qwen/Qwen2.5-7B-Instruct,c,0.0,-0.0385,0.0202,False
delta_pp:2,1.6766,1.1058,-0.2219,3.4502,-0.5218,3.6958,0.0161,0.01,3.0,inconclusive,social,Qwen/Qwen2.5-7B-Instruct,c,0.0,-1.5173,1.7696,False
sens_diff:2,0.0631,0.0333,0.0095,0.1197,0.0005,0.1274,-0.0025,0.04,0.05,non-equivalent,social,Qwen/Qwen2.5-7B-Instruct,c,0.0,-0.0822,0.1169,False
fpr_diff:2,0.0097,0.0103,-0.0076,0.0257,-0.0111,0.0291,0.0006,0.48,0.05,equivalent,social,Qwen/Qwen2.5-7B-Instruct,c,0.0,-0.013,0.0192,False
delta_pp:1,-4.713,2.5518,-8.6039,-0.1899,-9.1528,0.3736,0.0415,0.0,3.0,inconclusive,social,ibm-granite/granite-3.3-8b-instruct,c,0.0,-3.8927,2.9036,True
sens_diff:1,0.009,0.025,-0.0311,0.0489,-0.0389,0.0571,-0.0003,0.966,0.05,equivalent,social,ibm-granite/granite-3.3-8b-instruct,c,0.0,-0.1203,0.1374,False
fpr_diff:1,-0.0553,0.0268,-0.0945,-0.0063,-0.1034,0.0005,0.0005,0.0,0.05,inconclusive,social,ibm-granite/granite-3.3-8b-instruct,c,0.0,-0.0385,0.0202,True
delta_pp:2,1.2429,1.8544,-1.8746,4.1845,-2.361,4.6211,0.0687,0.304,3.0,inconclusive,social,ibm-granite/granite-3.3-8b-instruct,c,0.0,-1.5173,1.7696,False
sens_diff:2,0.0497,0.0249,0.0079,0.0875,0.0025,0.0955,-0.0009,0.02,0.05,inconclusive,social,ibm-granite/granite-3.3-8b-instruct,c,0.0,-0.0822,0.1169,False
fpr_diff:2,0.007,0.0198,-0.0251,0.0381,-0.0304,0.0448,0.0009,0.938,0.05,equivalent,social,ibm-granite/granite-3.3-8b-instruct,c,0.0,-0.013,0.0192,False
delta_pp:1,-5.5474,2.7846,-9.7139,-0.5353,-10.2986,0.1089,0.0228,0.0,3.0,inconclusive,social,microsoft/Phi-3.5-mini-instruct,c,0.0,-3.8927,2.9036,True
sens_diff:1,-0.004,0.0282,-0.0513,0.0402,-0.0567,0.0526,-0.0004,0.996,0.05,inconclusive,social,microsoft/Phi-3.5-mini-instruct,c,0.0,-0.1203,0.1374,False
fpr_diff:1,-0.0629,0.0297,-0.1079,-0.0103,-0.1122,-0.0022,0.0003,0.0,0.05,non-equivalent,social,microsoft/Phi-3.5-mini-instruct,c,0.0,-0.0385,0.0202,True
delta_pp:2,1.4405,1.9668,-1.6195,4.7857,-2.1206,5.6819,-0.0116,0.192,3.0,inconclusive,social,microsoft/Phi-3.5-mini-instruct,c,0.0,-1.5173,1.7696,False
sens_diff:2,0.075,0.0236,0.0327,0.1088,0.0273,0.1144,-0.0019,0.0,0.05,non-equivalent,social,microsoft/Phi-3.5-mini-instruct,c,0.0,-0.0822,0.1169,False
fpr_diff:2,0.0054,0.0223,-0.0283,0.0432,-0.0331,0.0524,0.0002,0.96,0.05,equivalent,social,microsoft/Phi-3.5-mini-instruct,c,0.0,-0.013,0.0192,False
delta_pp:1,-6.5881,2.6043,-10.6016,-2.2285,-11.4728,-1.3417,-0.0359,0.0,3.0,non-equivalent,social,mistralai/Mistral-7B-Instruct-v0.3,c,0.0,-3.8927,2.9036,True
sens_diff:1,0.0049,0.0154,-0.0204,0.0303,-0.0242,0.0362,0.0009,0.994,0.05,equivalent,social,mistralai/Mistral-7B-Instruct-v0.3,c,0.0,-0.1203,0.1374,False
fpr_diff:1,-0.0762,0.0293,-0.1215,-0.0276,-0.1315,-0.0172,-0.0005,0.0,0.05,non-equivalent,social,mistralai/Mistral-7B-Instruct-v0.3,c,0.0,-0.0385,0.0202,True
delta_pp:2,0.7118,1.8853,-2.4266,3.5503,-3.1133,4.1797,0.0015,0.642,3.0,inconclusive,social,mistralai/Mistral-7B-Instruct-v0.3,c,0.0,-1.5173,1.7696,False
sens_diff:2,0.0166,0.013,-0.0042,0.0384,-0.0057,0.0417,-0.0005,0.402,0.05,equivalent,social,mistralai/Mistral-7B-Instruct-v0.3,c,0.0,-0.0822,0.1169,False
fpr_diff:2,0.006,0.0219,-0.0303,0.0383,-0.0374,0.0477,0.0001,0.964,0.05,equivalent,social,mistralai/Mistral-7B-Instruct-v0.3,c,0.0,-0.013,0.0192,False
