contrast,instrument,missing_share_diff,lo95,hi95
immigration:RR-CON,y_ensemble18,-0.2,-0.3781,-0.0526
immigration:RR-CON,y_replication,-0.2083,-0.4277,-0.0192
immigration:RR-CON,y_claude35_scale__claude35_summary,-0.15,-0.4578,0.1574
immigration:RR-CON,y_claude35_scale__gemini15_summary,-0.2583,-0.4817,-0.033
immigration:RR-CON,y_claude35_scale__gpt4o_summary,-0.3167,-0.6087,-0.0249
immigration:RR-CON,y_gemini15_scale__claude35_summary,-0.2,-0.5362,0.1238
immigration:RR-CON,y_gemini15_scale__gemini15_summary,-0.1583,-0.3372,0.0339
immigration:RR-CON,y_gemini15_scale__gpt4o_summary,-0.3083,-0.5294,-0.1085
immigration:RR-CON,y_gpt4o_scale__claude35_summary,-0.25,-0.5317,0.107
immigration:RR-CON,y_gpt4o_scale__gemini15_summary,-0.2583,-0.5213,-0.01
immigration:RR-CON,y_gpt4o_scale__gpt4o_summary,-0.2667,-0.5182,-0.0512
immigration:RR-CON,y_open_deepseekv3,-0.1583,-0.3556,0.0
immigration:RR-CON,y_open_gemma3,-0.15,-0.3333,-0.0183
immigration:RR-CON,y_open_llama33,-0.2417,-0.545,0.0476
immigration:RR-CD,y_ensemble18,-0.1034,-0.2414,0.0
immigration:RR-CD,y_replication,-0.0618,-0.199,0.0572
immigration:RR-CD,y_claude35_scale__claude35_summary,-0.1293,-0.4144,0.1519
immigration:RR-CD,y_claude35_scale__gemini15_summary,-0.2342,-0.389,-0.0455
immigration:RR-CD,y_claude35_scale__gpt4o_summary,-0.0891,-0.2845,0.1223
immigration:RR-CD,y_gemini15_scale__claude35_summary,-0.1293,-0.413,0.199
immigration:RR-CD,y_gemini15_scale__gemini15_summary,-0.1307,-0.2759,0.0234
immigration:RR-CD,y_gemini15_scale__gpt4o_summary,-0.1652,-0.3722,0.0039
immigration:RR-CD,y_gpt4o_scale__claude35_summary,-0.1638,-0.4746,0.1134
immigration:RR-CD,y_gpt4o_scale__gemini15_summary,-0.2342,-0.4,-0.0763
immigration:RR-CD,y_gpt4o_scale__gpt4o_summary,-0.158,-0.4046,0.0582
immigration:RR-CD,y_open_deepseekv3,-0.1652,-0.3145,-0.0222
immigration:RR-CD,y_open_gemma3,-0.1034,-0.2308,0.0
immigration:RR-CD,y_open_llama33,-0.2055,-0.5201,0.0588
environment:ECO-SD,y_ensemble18,0.0,0.0,0.0
environment:ECO-SD,y_replication,0.0,0.0,0.0
environment:ECO-SD,y_claude35_scale__claude35_summary,-0.0613,-0.2274,0.0884
environment:ECO-SD,y_claude35_scale__gemini15_summary,0.0,0.0,0.0
environment:ECO-SD,y_claude35_scale__gpt4o_summary,0.0,0.0,0.0
environment:ECO-SD,y_gemini15_scale__claude35_summary,-0.029,-0.1865,0.1359
environment:ECO-SD,y_gemini15_scale__gemini15_summary,0.0,0.0,0.0
environment:ECO-SD,y_gemini15_scale__gpt4o_summary,0.0,0.0,0.0
environment:ECO-SD,y_gpt4o_scale__claude35_summary,-0.0113,-0.1884,0.154
environment:ECO-SD,y_gpt4o_scale__gemini15_summary,-0.0323,-0.1071,0.0
environment:ECO-SD,y_gpt4o_scale__gpt4o_summary,0.0,0.0,0.0
environment:ECO-SD,y_open_deepseekv3,-0.0323,-0.125,0.0
environment:ECO-SD,y_open_gemma3,0.05,0.0,0.125
environment:ECO-SD,y_open_llama33,-0.0323,-0.0909,0.0
taxspend:SOC-CON,y_ensemble18,0.0,0.0,0.0
taxspend:SOC-CON,y_replication,0.0,0.0,0.0
taxspend:SOC-CON,y_claude35_scale__claude35_summary,0.0676,-0.0817,0.2112
taxspend:SOC-CON,y_claude35_scale__gemini15_summary,-0.0435,-0.1304,0.0
taxspend:SOC-CON,y_claude35_scale__gpt4o_summary,0.0,0.0,0.0
taxspend:SOC-CON,y_gemini15_scale__claude35_summary,0.0242,-0.1273,0.2
taxspend:SOC-CON,y_gemini15_scale__gemini15_summary,-0.0934,-0.2744,0.0695
taxspend:SOC-CON,y_gemini15_scale__gpt4o_summary,0.0,0.0,0.0
taxspend:SOC-CON,y_gpt4o_scale__claude35_summary,0.0676,-0.0825,0.2199
taxspend:SOC-CON,y_gpt4o_scale__gemini15_summary,-0.0435,-0.1154,0.0
taxspend:SOC-CON,y_gpt4o_scale__gpt4o_summary,0.0,0.0,0.0
taxspend:SOC-CON,y_open_deepseekv3,-0.0435,-0.1304,0.0
taxspend:SOC-CON,y_open_gemma3,0.0,0.0,0.0
taxspend:SOC-CON,y_open_llama33,0.037,0.0,0.1034
social:RR-LIB,y_ensemble18,-0.0487,-0.1989,0.0741
social:RR-LIB,y_replication,-0.0487,-0.17,0.0614
social:RR-LIB,y_claude35_scale__claude35_summary,-0.1175,-0.3328,0.083
social:RR-LIB,y_claude35_scale__gemini15_summary,-0.1661,-0.3843,0.036
social:RR-LIB,y_claude35_scale__gpt4o_summary,-0.0233,-0.2275,0.1931
social:RR-LIB,y_gemini15_scale__claude35_summary,-0.146,-0.3939,0.0495
social:RR-LIB,y_gemini15_scale__gemini15_summary,-0.2201,-0.3859,-0.0794
social:RR-LIB,y_gemini15_scale__gpt4o_summary,-0.1344,-0.3022,0.0128
social:RR-LIB,y_gpt4o_scale__claude35_summary,-0.1577,-0.4263,0.0914
social:RR-LIB,y_gpt4o_scale__gemini15_summary,-0.1577,-0.4009,0.0603
social:RR-LIB,y_gpt4o_scale__gpt4o_summary,-0.1545,-0.3759,0.0275
social:RR-LIB,y_open_deepseekv3,-0.0857,-0.188,0.0
social:RR-LIB,y_open_gemma3,0.0,0.0,0.0
social:RR-LIB,y_open_llama33,-0.1344,-0.3081,0.0007
taxspend:EAST-WEST,y_ensemble18,0.0143,0.0,0.05
taxspend:EAST-WEST,y_replication,0.0,0.0,0.0
taxspend:EAST-WEST,y_claude35_scale__claude35_summary,0.0377,-0.0816,0.1581
taxspend:EAST-WEST,y_claude35_scale__gemini15_summary,0.0104,-0.0261,0.0465
taxspend:EAST-WEST,y_claude35_scale__gpt4o_summary,0.0143,0.0,0.0458
taxspend:EAST-WEST,y_gemini15_scale__claude35_summary,0.0299,-0.1087,0.1674
taxspend:EAST-WEST,y_gemini15_scale__gemini15_summary,0.1048,-0.0167,0.2546
taxspend:EAST-WEST,y_gemini15_scale__gpt4o_summary,-0.0039,-0.0297,0.036
taxspend:EAST-WEST,y_gpt4o_scale__claude35_summary,0.0316,-0.0883,0.1795
taxspend:EAST-WEST,y_gpt4o_scale__gemini15_summary,-0.0117,-0.0674,0.0478
taxspend:EAST-WEST,y_gpt4o_scale__gpt4o_summary,0.0082,-0.0128,0.0481
taxspend:EAST-WEST,y_open_deepseekv3,0.0126,-0.0372,0.0624
taxspend:EAST-WEST,y_open_gemma3,0.0104,-0.0298,0.0593
taxspend:EAST-WEST,y_open_llama33,0.029,-0.0662,0.1652
social:EAST-WEST,y_ensemble18,-0.0095,-0.0929,0.1138
social:EAST-WEST,y_replication,0.0126,-0.0433,0.0908
social:EAST-WEST,y_claude35_scale__claude35_summary,0.0732,-0.0888,0.2813
social:EAST-WEST,y_claude35_scale__gemini15_summary,0.0442,-0.1525,0.2425
social:EAST-WEST,y_claude35_scale__gpt4o_summary,0.0143,-0.1583,0.2139
social:EAST-WEST,y_gemini15_scale__claude35_summary,-0.0307,-0.1782,0.1208
social:EAST-WEST,y_gemini15_scale__gemini15_summary,0.0333,-0.1207,0.2356
social:EAST-WEST,y_gemini15_scale__gpt4o_summary,0.0139,-0.1582,0.1921
social:EAST-WEST,y_gpt4o_scale__claude35_summary,0.0922,-0.0829,0.2624
social:EAST-WEST,y_gpt4o_scale__gemini15_summary,0.0706,-0.1076,0.2657
social:EAST-WEST,y_gpt4o_scale__gpt4o_summary,0.0061,-0.1641,0.1948
social:EAST-WEST,y_open_deepseekv3,0.0069,-0.0692,0.0709
social:EAST-WEST,y_open_gemma3,0.0048,-0.0718,0.0728
social:EAST-WEST,y_open_llama33,0.1056,-0.0043,0.221
immigration:EAST-WEST,y_ensemble18,0.1814,0.0348,0.3233
immigration:EAST-WEST,y_replication,0.1672,-0.0196,0.4276
immigration:EAST-WEST,y_claude35_scale__claude35_summary,0.4168,0.1773,0.5788
immigration:EAST-WEST,y_claude35_scale__gemini15_summary,0.3468,0.1583,0.5266
immigration:EAST-WEST,y_claude35_scale__gpt4o_summary,0.2675,0.0984,0.4346
immigration:EAST-WEST,y_gemini15_scale__claude35_summary,0.4168,0.2116,0.5753
immigration:EAST-WEST,y_gemini15_scale__gemini15_summary,0.227,0.0606,0.4111
immigration:EAST-WEST,y_gemini15_scale__gpt4o_summary,0.2057,0.0284,0.3634
immigration:EAST-WEST,y_gpt4o_scale__claude35_summary,0.4272,0.2117,0.5959
immigration:EAST-WEST,y_gpt4o_scale__gemini15_summary,0.3556,0.1216,0.5162
immigration:EAST-WEST,y_gpt4o_scale__gpt4o_summary,0.2675,0.0661,0.4322
immigration:EAST-WEST,y_open_deepseekv3,0.1104,-0.0004,0.2155
immigration:EAST-WEST,y_open_gemma3,0.1266,0.0504,0.2017
immigration:EAST-WEST,y_open_llama33,0.5424,0.3299,0.6928
eu:EAST-WEST,y_ensemble18,-0.0224,-0.037,-0.007
eu:EAST-WEST,y_replication,-0.0065,-0.0412,0.0404
eu:EAST-WEST,y_claude35_scale__claude35_summary,-0.067,-0.1908,0.1309
eu:EAST-WEST,y_claude35_scale__gemini15_summary,-0.0522,-0.0751,-0.0204
eu:EAST-WEST,y_claude35_scale__gpt4o_summary,-0.0289,-0.0775,0.0165
eu:EAST-WEST,y_gemini15_scale__claude35_summary,-0.0904,-0.2006,0.053
eu:EAST-WEST,y_gemini15_scale__gemini15_summary,-0.0373,-0.0499,-0.0125
eu:EAST-WEST,y_gemini15_scale__gpt4o_summary,-0.014,-0.0499,0.0329
eu:EAST-WEST,y_gpt4o_scale__claude35_summary,-0.082,-0.2033,0.0856
eu:EAST-WEST,y_gpt4o_scale__gemini15_summary,-0.0746,-0.1059,-0.0252
eu:EAST-WEST,y_gpt4o_scale__gpt4o_summary,-0.0289,-0.0656,0.0164
eu:EAST-WEST,y_open_deepseekv3,0.0187,-0.0397,0.0741
eu:EAST-WEST,y_open_gemma3,0.0187,-0.0615,0.0922
eu:EAST-WEST,y_open_llama33,-0.0475,-0.1463,0.0416
environment:EAST-WEST,y_ensemble18,0.0182,0.0,0.0462
environment:EAST-WEST,y_replication,-0.0068,-0.0241,0.0
environment:EAST-WEST,y_claude35_scale__claude35_summary,0.0108,-0.1135,0.1498
environment:EAST-WEST,y_claude35_scale__gemini15_summary,0.0271,-0.0359,0.0732
environment:EAST-WEST,y_claude35_scale__gpt4o_summary,0.0364,0.0,0.0721
environment:EAST-WEST,y_gemini15_scale__claude35_summary,-0.0437,-0.1518,0.0516
environment:EAST-WEST,y_gemini15_scale__gemini15_summary,-0.0024,-0.0551,0.0357
environment:EAST-WEST,y_gemini15_scale__gpt4o_summary,0.0182,0.0,0.0476
environment:EAST-WEST,y_gpt4o_scale__claude35_summary,-0.021,-0.1518,0.109
environment:EAST-WEST,y_gpt4o_scale__gemini15_summary,-0.0229,-0.0766,0.0169
environment:EAST-WEST,y_gpt4o_scale__gpt4o_summary,0.0113,-0.02,0.0441
environment:EAST-WEST,y_open_deepseekv3,-0.0161,-0.0546,0.0206
environment:EAST-WEST,y_open_gemma3,-0.0229,-0.0626,0.0187
environment:EAST-WEST,y_open_llama33,0.0066,-0.038,0.0635
decentralization:EAST-WEST,y_ensemble18,0.0,0.0,0.0
decentralization:EAST-WEST,y_replication,0.0143,0.0,0.0469
decentralization:EAST-WEST,y_claude35_scale__claude35_summary,-0.1203,-0.2311,0.0075
decentralization:EAST-WEST,y_claude35_scale__gemini15_summary,-0.0602,-0.1432,0.0183
decentralization:EAST-WEST,y_claude35_scale__gpt4o_summary,0.0143,0.0,0.0462
decentralization:EAST-WEST,y_gemini15_scale__claude35_summary,-0.0939,-0.2108,0.0774
decentralization:EAST-WEST,y_gemini15_scale__gemini15_summary,-0.0381,-0.0932,0.0086
decentralization:EAST-WEST,y_gemini15_scale__gpt4o_summary,0.0143,0.0,0.0517
decentralization:EAST-WEST,y_gpt4o_scale__claude35_summary,-0.1567,-0.2788,-0.001
decentralization:EAST-WEST,y_gpt4o_scale__gemini15_summary,-0.0801,-0.1828,0.0038
decentralization:EAST-WEST,y_gpt4o_scale__gpt4o_summary,0.0082,-0.0175,0.0415
decentralization:EAST-WEST,y_open_deepseekv3,-0.0199,-0.065,0.028
decentralization:EAST-WEST,y_open_gemma3,-0.0139,-0.0639,0.0343
decentralization:EAST-WEST,y_open_llama33,-0.0277,-0.096,0.0345
