contrast,estimate,estimate_raw,null_centre,se,lo90,hi90,lo95,hi95,p_family,sesoi,call,issue,instrument
immigration:RR-CON,0.1249,0.1227,-0.0022,0.2421,-0.2816,0.508,-0.3533,0.561,0.998,0.25,inconclusive,immigration,y_replication
immigration:RR-CD,0.246,0.2412,-0.0048,0.1031,0.0932,0.4356,0.0671,0.4605,0.55,0.25,inconclusive,immigration,y_replication
environment:ECO-SD,0.5033,0.5104,0.0071,0.1723,0.1905,0.7537,0.1207,0.8029,0.122,0.25,inconclusive,environment,y_replication
taxspend:SOC-CON,-0.1656,-0.1688,-0.0032,0.1651,-0.4534,0.081,-0.4878,0.0937,0.904,0.25,inconclusive,taxspend,y_replication
social:RR-LIB,0.1945,0.1964,0.0019,0.1503,-0.0378,0.4476,-0.0676,0.5295,0.592,0.25,inconclusive,social,y_replication
taxspend:EAST-WEST,0.1295,0.1332,0.0037,0.0959,-0.0281,0.2801,-0.0676,0.3021,0.674,0.25,inconclusive,taxspend,y_replication
social:EAST-WEST,0.0322,0.0249,-0.0074,0.0768,-0.0852,0.165,-0.1046,0.1838,1.0,0.25,equivalent,social,y_replication
immigration:EAST-WEST,-0.0675,-0.0665,0.0011,0.1451,-0.2962,0.1704,-0.3204,0.2282,0.998,0.25,inconclusive,immigration,y_replication
eu:EAST-WEST,-0.0661,-0.0683,-0.0022,0.1012,-0.2478,0.1047,-0.2838,0.1279,0.986,0.25,equivalent,eu,y_replication
environment:EAST-WEST,0.2787,0.2861,0.0075,0.1633,0.0431,0.568,-0.0019,0.6316,0.252,0.25,inconclusive,environment,y_replication
decentralization:EAST-WEST,0.1248,0.126,0.0012,0.3127,-0.529,0.4981,-0.6515,0.5645,1.0,0.25,inconclusive,decentralization,y_replication
immigration:RR-CON,0.3844,0.3867,0.0024,0.2036,0.0554,0.7131,0.0123,0.7829,0.464,0.25,inconclusive,immigration,y_claude35_scale__claude35_summary
immigration:RR-CD,0.239,0.2449,0.0058,0.1469,0.0698,0.5247,0.0402,0.5628,0.854,0.25,inconclusive,immigration,y_claude35_scale__claude35_summary
environment:ECO-SD,0.4781,0.4501,-0.0279,0.2091,0.1721,0.8479,0.1274,0.9482,0.21,0.25,inconclusive,environment,y_claude35_scale__claude35_summary
taxspend:SOC-CON,-0.2887,-0.2894,-0.0007,0.2102,-0.6831,-0.0023,-0.7671,0.0646,0.582,0.25,inconclusive,taxspend,y_claude35_scale__claude35_summary
social:RR-LIB,0.1228,0.1264,0.0036,0.1415,-0.0703,0.3634,-0.1217,0.4417,0.934,0.25,inconclusive,social,y_claude35_scale__claude35_summary
taxspend:EAST-WEST,0.1666,0.1557,-0.0109,0.1173,-0.0531,0.3472,-0.0952,0.3774,0.482,0.25,inconclusive,taxspend,y_claude35_scale__claude35_summary
social:EAST-WEST,0.0716,0.0639,-0.0077,0.0927,-0.0835,0.2215,-0.1093,0.2598,0.964,0.25,equivalent,social,y_claude35_scale__claude35_summary
immigration:EAST-WEST,0.1058,0.1051,-0.0007,0.1944,-0.2136,0.4136,-0.2659,0.4596,0.996,0.25,inconclusive,immigration,y_claude35_scale__claude35_summary
eu:EAST-WEST,-0.0679,-0.0677,0.0002,0.0943,-0.2341,0.0813,-0.2608,0.1164,0.996,0.25,equivalent,eu,y_claude35_scale__claude35_summary
environment:EAST-WEST,0.1207,0.1229,0.0023,0.1557,-0.1054,0.4022,-0.1504,0.4499,0.982,0.25,inconclusive,environment,y_claude35_scale__claude35_summary
decentralization:EAST-WEST,-0.1601,-0.1752,-0.015,0.2493,-0.569,0.2441,-0.6438,0.3379,0.996,0.25,inconclusive,decentralization,y_claude35_scale__claude35_summary
immigration:RR-CON,0.1123,0.1068,-0.0056,0.2117,-0.2623,0.4562,-0.3321,0.5416,0.998,0.25,inconclusive,immigration,y_claude35_scale__gemini15_summary
immigration:RR-CD,0.1466,0.1452,-0.0014,0.1076,-0.0166,0.3411,-0.0424,0.3625,0.986,0.25,inconclusive,immigration,y_claude35_scale__gemini15_summary
environment:ECO-SD,0.4173,0.4183,0.001,0.1729,0.1333,0.6884,0.0925,0.7536,0.32,0.25,inconclusive,environment,y_claude35_scale__gemini15_summary
taxspend:SOC-CON,-0.1368,-0.1349,0.0019,0.1644,-0.4389,0.0957,-0.4984,0.1299,0.994,0.25,inconclusive,taxspend,y_claude35_scale__gemini15_summary
social:RR-LIB,0.0491,0.0458,-0.0033,0.1325,-0.1457,0.269,-0.1896,0.3431,1.0,0.25,inconclusive,social,y_claude35_scale__gemini15_summary
taxspend:EAST-WEST,0.1155,0.1097,-0.0058,0.1179,-0.0946,0.2987,-0.132,0.3253,0.9,0.25,inconclusive,taxspend,y_claude35_scale__gemini15_summary
social:EAST-WEST,0.0746,0.0715,-0.003,0.1136,-0.1017,0.2802,-0.1299,0.3074,0.986,0.25,inconclusive,social,y_claude35_scale__gemini15_summary
immigration:EAST-WEST,0.0833,0.0825,-0.0008,0.105,-0.0884,0.2581,-0.1327,0.2844,0.994,0.25,inconclusive,immigration,y_claude35_scale__gemini15_summary
eu:EAST-WEST,-0.1893,-0.1854,0.0039,0.1475,-0.4243,0.0422,-0.482,0.0987,0.312,0.25,inconclusive,eu,y_claude35_scale__gemini15_summary
environment:EAST-WEST,0.1928,0.196,0.0032,0.1593,-0.0676,0.4453,-0.14,0.4971,0.612,0.25,inconclusive,environment,y_claude35_scale__gemini15_summary
decentralization:EAST-WEST,0.1658,0.1787,0.0129,0.2887,-0.3386,0.6282,-0.4397,0.6763,1.0,0.25,inconclusive,decentralization,y_claude35_scale__gemini15_summary
immigration:RR-CON,0.2965,0.2866,-0.0099,0.1981,-0.0664,0.5941,-0.118,0.6774,0.538,0.25,inconclusive,immigration,y_claude35_scale__gpt4o_summary
immigration:RR-CD,0.1806,0.1753,-0.0053,0.1057,0.014,0.3579,-0.012,0.3927,0.802,0.25,inconclusive,immigration,y_claude35_scale__gpt4o_summary
environment:ECO-SD,0.4742,0.4935,0.0193,0.172,0.2052,0.754,0.148,0.8343,0.206,0.25,inconclusive,environment,y_claude35_scale__gpt4o_summary
taxspend:SOC-CON,-0.2477,-0.2337,0.014,0.1706,-0.5367,0.0026,-0.5848,0.0437,0.582,0.25,inconclusive,taxspend,y_claude35_scale__gpt4o_summary
social:RR-LIB,0.1687,0.1712,0.0025,0.1432,-0.0383,0.3948,-0.1138,0.4791,0.656,0.25,inconclusive,social,y_claude35_scale__gpt4o_summary
taxspend:EAST-WEST,0.1547,0.1518,-0.0029,0.1208,-0.0379,0.3363,-0.111,0.366,0.544,0.25,inconclusive,taxspend,y_claude35_scale__gpt4o_summary
social:EAST-WEST,0.0973,0.0983,0.001,0.0775,-0.011,0.2357,-0.0295,0.2603,0.818,0.25,equivalent,social,y_claude35_scale__gpt4o_summary
immigration:EAST-WEST,0.1416,0.1441,0.0025,0.1438,-0.0765,0.3902,-0.1071,0.4562,0.698,0.25,inconclusive,immigration,y_claude35_scale__gpt4o_summary
eu:EAST-WEST,-0.1338,-0.1392,-0.0053,0.1042,-0.2937,0.0433,-0.3202,0.0795,0.628,0.25,inconclusive,eu,y_claude35_scale__gpt4o_summary
environment:EAST-WEST,0.2891,0.2888,-0.0003,0.1306,0.0973,0.509,0.0593,0.5417,0.182,0.25,inconclusive,environment,y_claude35_scale__gpt4o_summary
decentralization:EAST-WEST,-0.0455,-0.0382,0.0073,0.4005,-0.6504,0.6575,-0.7854,0.779,1.0,0.25,inconclusive,decentralization,y_claude35_scale__gpt4o_summary
immigration:RR-CON,0.1019,0.1158,0.0139,0.2757,-0.3091,0.581,-0.3693,0.7061,1.0,0.25,inconclusive,immigration,y_gemini15_scale__claude35_summary
immigration:RR-CD,0.2046,0.2107,0.0061,0.1808,-0.0298,0.5724,-0.0659,0.6136,0.96,0.25,inconclusive,immigration,y_gemini15_scale__claude35_summary
environment:ECO-SD,0.6334,0.6293,-0.0041,0.1887,0.3162,0.927,0.2297,0.9946,0.058,0.25,inconclusive,environment,y_gemini15_scale__claude35_summary
taxspend:SOC-CON,-0.0871,-0.0947,-0.0076,0.2166,-0.5063,0.226,-0.5667,0.2751,1.0,0.25,inconclusive,taxspend,y_gemini15_scale__claude35_summary
social:RR-LIB,0.1225,0.1207,-0.0018,0.1355,-0.0854,0.3459,-0.1155,0.4022,0.928,0.25,inconclusive,social,y_gemini15_scale__claude35_summary
taxspend:EAST-WEST,0.2704,0.263,-0.0073,0.0846,0.1277,0.4007,0.101,0.4298,0.02,0.25,non-equivalent,taxspend,y_gemini15_scale__claude35_summary
social:EAST-WEST,0.0529,0.0476,-0.0053,0.0905,-0.0804,0.214,-0.0984,0.2636,0.996,0.25,equivalent,social,y_gemini15_scale__claude35_summary
immigration:EAST-WEST,0.2256,0.2142,-0.0113,0.2313,-0.2065,0.5851,-0.2807,0.6366,0.646,0.25,inconclusive,immigration,y_gemini15_scale__claude35_summary
eu:EAST-WEST,0.0084,0.0093,0.0009,0.0949,-0.1542,0.1484,-0.1753,0.1777,1.0,0.25,equivalent,eu,y_gemini15_scale__claude35_summary
environment:EAST-WEST,0.3403,0.335,-0.0054,0.1873,0.0788,0.694,0.0335,0.7562,0.122,0.25,inconclusive,environment,y_gemini15_scale__claude35_summary
decentralization:EAST-WEST,-0.0842,-0.0951,-0.0109,0.2787,-0.504,0.4169,-0.5776,0.5015,1.0,0.25,inconclusive,decentralization,y_gemini15_scale__claude35_summary
immigration:RR-CON,0.0896,0.0923,0.0027,0.2055,-0.2492,0.4614,-0.3134,0.5003,0.998,0.25,inconclusive,immigration,y_gemini15_scale__gemini15_summary
immigration:RR-CD,0.0573,0.0541,-0.0032,0.1209,-0.1312,0.2657,-0.1742,0.3205,1.0,0.25,inconclusive,immigration,y_gemini15_scale__gemini15_summary
environment:ECO-SD,0.694,0.6929,-0.0011,0.1714,0.3934,0.9443,0.3295,1.0045,0.048,0.25,non-equivalent,environment,y_gemini15_scale__gemini15_summary
taxspend:SOC-CON,0.0334,0.0333,-0.0,0.2075,-0.3559,0.3188,-0.4067,0.3737,1.0,0.25,inconclusive,taxspend,y_gemini15_scale__gemini15_summary
social:RR-LIB,0.1203,0.1266,0.0063,0.1405,-0.0973,0.3451,-0.151,0.4036,0.958,0.25,inconclusive,social,y_gemini15_scale__gemini15_summary
taxspend:EAST-WEST,0.1203,0.1192,-0.0011,0.1144,-0.071,0.2912,-0.1092,0.3445,0.852,0.25,inconclusive,taxspend,y_gemini15_scale__gemini15_summary
social:EAST-WEST,-0.1012,-0.1049,-0.0037,0.0897,-0.2238,0.0755,-0.2341,0.1118,0.872,0.25,equivalent,social,y_gemini15_scale__gemini15_summary
immigration:EAST-WEST,0.0072,0.0144,0.0072,0.1186,-0.1751,0.216,-0.2129,0.2463,1.0,0.25,equivalent,immigration,y_gemini15_scale__gemini15_summary
eu:EAST-WEST,-0.0744,-0.071,0.0034,0.118,-0.2792,0.1055,-0.304,0.1488,0.998,0.25,inconclusive,eu,y_gemini15_scale__gemini15_summary
environment:EAST-WEST,0.163,0.1561,-0.0069,0.1735,-0.1264,0.4624,-0.1901,0.5055,0.928,0.25,inconclusive,environment,y_gemini15_scale__gemini15_summary
decentralization:EAST-WEST,0.3161,0.3075,-0.0086,0.299,-0.1792,0.7875,-0.2612,0.8567,0.962,0.25,inconclusive,decentralization,y_gemini15_scale__gemini15_summary
immigration:RR-CON,0.2142,0.2224,0.0082,0.2277,-0.1904,0.5629,-0.2676,0.6456,0.892,0.25,inconclusive,immigration,y_gemini15_scale__gpt4o_summary
immigration:RR-CD,0.1866,0.1831,-0.0036,0.1237,-0.0184,0.396,-0.0556,0.4335,0.852,0.25,inconclusive,immigration,y_gemini15_scale__gpt4o_summary
environment:ECO-SD,0.8649,0.8719,0.007,0.1478,0.6244,1.0957,0.5813,1.1386,0.008,0.25,non-equivalent,environment,y_gemini15_scale__gpt4o_summary
taxspend:SOC-CON,-0.1077,-0.1033,0.0044,0.1578,-0.367,0.1318,-0.4118,0.1721,0.998,0.25,inconclusive,taxspend,y_gemini15_scale__gpt4o_summary
social:RR-LIB,0.2143,0.2139,-0.0004,0.1386,0.0068,0.4547,-0.0374,0.5019,0.264,0.25,inconclusive,social,y_gemini15_scale__gpt4o_summary
taxspend:EAST-WEST,0.1688,0.167,-0.0018,0.1049,-0.0159,0.3212,-0.0509,0.3465,0.342,0.25,inconclusive,taxspend,y_gemini15_scale__gpt4o_summary
social:EAST-WEST,0.0543,0.0568,0.0025,0.0878,-0.0756,0.2154,-0.0961,0.2443,0.998,0.25,equivalent,social,y_gemini15_scale__gpt4o_summary
immigration:EAST-WEST,0.0972,0.0971,-0.0001,0.1537,-0.1475,0.3729,-0.182,0.4247,0.968,0.25,inconclusive,immigration,y_gemini15_scale__gpt4o_summary
eu:EAST-WEST,-0.0715,-0.0699,0.0017,0.1083,-0.2549,0.103,-0.2956,0.136,0.984,0.25,inconclusive,eu,y_gemini15_scale__gpt4o_summary
environment:EAST-WEST,0.2175,0.2235,0.006,0.1613,-0.0175,0.5187,-0.0458,0.5844,0.712,0.25,inconclusive,environment,y_gemini15_scale__gpt4o_summary
decentralization:EAST-WEST,-0.1025,-0.0948,0.0078,0.3525,-0.6796,0.497,-0.7906,0.5798,1.0,0.25,inconclusive,decentralization,y_gemini15_scale__gpt4o_summary
immigration:RR-CON,0.2594,0.2604,0.001,0.2192,-0.1075,0.6069,-0.1745,0.6991,0.954,0.25,inconclusive,immigration,y_gpt4o_scale__claude35_summary
immigration:RR-CD,0.3843,0.3798,-0.0045,0.1528,0.1846,0.6543,0.1652,0.7524,0.322,0.25,inconclusive,immigration,y_gpt4o_scale__claude35_summary
environment:ECO-SD,0.2495,0.2509,0.0014,0.1776,-0.0674,0.5076,-0.1143,0.5888,0.948,0.25,inconclusive,environment,y_gpt4o_scale__claude35_summary
taxspend:SOC-CON,-0.2064,-0.1912,0.0152,0.1937,-0.5599,0.0773,-0.6242,0.1247,0.922,0.25,inconclusive,taxspend,y_gpt4o_scale__claude35_summary
social:RR-LIB,0.2141,0.2097,-0.0044,0.1756,-0.0424,0.5144,-0.0889,0.5818,0.574,0.25,inconclusive,social,y_gpt4o_scale__claude35_summary
taxspend:EAST-WEST,0.1451,0.142,-0.0031,0.1536,-0.1311,0.3674,-0.1728,0.3912,0.834,0.25,inconclusive,taxspend,y_gpt4o_scale__claude35_summary
social:EAST-WEST,-0.0163,-0.0175,-0.0012,0.1152,-0.1845,0.1929,-0.2186,0.2346,1.0,0.25,equivalent,social,y_gpt4o_scale__claude35_summary
immigration:EAST-WEST,0.1031,0.1018,-0.0013,0.2456,-0.2933,0.4795,-0.3578,0.559,0.998,0.25,inconclusive,immigration,y_gpt4o_scale__claude35_summary
eu:EAST-WEST,0.0078,0.0071,-0.0008,0.0982,-0.1505,0.1653,-0.1849,0.195,1.0,0.25,equivalent,eu,y_gpt4o_scale__claude35_summary
environment:EAST-WEST,0.2384,0.234,-0.0044,0.1534,-0.0052,0.5017,-0.0324,0.5355,0.44,0.25,inconclusive,environment,y_gpt4o_scale__claude35_summary
decentralization:EAST-WEST,-0.1244,-0.131,-0.0065,0.2356,-0.509,0.2615,-0.5953,0.3064,1.0,0.25,inconclusive,decentralization,y_gpt4o_scale__claude35_summary
immigration:RR-CON,0.2755,0.2782,0.0028,0.2061,-0.0485,0.5997,-0.0955,0.7018,0.602,0.25,inconclusive,immigration,y_gpt4o_scale__gemini15_summary
immigration:RR-CD,0.1469,0.1386,-0.0082,0.1161,-0.0172,0.344,-0.0525,0.3931,0.964,0.25,inconclusive,immigration,y_gpt4o_scale__gemini15_summary
environment:ECO-SD,0.5012,0.5,-0.0012,0.1663,0.2094,0.7658,0.1361,0.808,0.142,0.25,inconclusive,environment,y_gpt4o_scale__gemini15_summary
taxspend:SOC-CON,-0.1058,-0.105,0.0008,0.171,-0.3989,0.1468,-0.4701,0.196,1.0,0.25,inconclusive,taxspend,y_gpt4o_scale__gemini15_summary
social:RR-LIB,0.0112,0.0099,-0.0012,0.1451,-0.2295,0.252,-0.2681,0.2964,1.0,0.25,inconclusive,social,y_gpt4o_scale__gemini15_summary
taxspend:EAST-WEST,0.1216,0.1253,0.0036,0.1136,-0.0792,0.2898,-0.1221,0.3407,0.878,0.25,inconclusive,taxspend,y_gpt4o_scale__gemini15_summary
social:EAST-WEST,-0.0091,-0.0093,-0.0003,0.0913,-0.1491,0.1457,-0.186,0.1718,1.0,0.25,equivalent,social,y_gpt4o_scale__gemini15_summary
immigration:EAST-WEST,-0.0713,-0.0699,0.0014,0.1296,-0.2791,0.1273,-0.3262,0.1726,1.0,0.25,inconclusive,immigration,y_gpt4o_scale__gemini15_summary
eu:EAST-WEST,-0.1359,-0.1392,-0.0032,0.1369,-0.348,0.1016,-0.3953,0.1593,0.7,0.25,inconclusive,eu,y_gpt4o_scale__gemini15_summary
environment:EAST-WEST,0.299,0.2918,-0.0072,0.1724,0.0302,0.5947,-0.0021,0.648,0.154,0.25,inconclusive,environment,y_gpt4o_scale__gemini15_summary
decentralization:EAST-WEST,0.1978,0.1841,-0.0137,0.2911,-0.3093,0.6357,-0.4367,0.7123,1.0,0.25,inconclusive,decentralization,y_gpt4o_scale__gemini15_summary
immigration:RR-CON,0.2277,0.2348,0.0072,0.1997,-0.0906,0.534,-0.1597,0.6177,0.868,0.25,inconclusive,immigration,y_gpt4o_scale__gpt4o_summary
immigration:RR-CD,0.2541,0.2556,0.0015,0.1095,0.0952,0.4402,0.0602,0.485,0.546,0.25,inconclusive,immigration,y_gpt4o_scale__gpt4o_summary
environment:ECO-SD,0.2568,0.2467,-0.0101,0.187,-0.0514,0.5371,-0.1379,0.6134,0.826,0.25,inconclusive,environment,y_gpt4o_scale__gpt4o_summary
taxspend:SOC-CON,-0.3116,-0.3118,-0.0002,0.177,-0.6129,-0.0682,-0.6552,-0.0264,0.366,0.25,inconclusive,taxspend,y_gpt4o_scale__gpt4o_summary
social:RR-LIB,0.2063,0.2108,0.0044,0.1478,-0.0133,0.4626,-0.0469,0.5188,0.434,0.25,inconclusive,social,y_gpt4o_scale__gpt4o_summary
taxspend:EAST-WEST,0.233,0.2334,0.0004,0.1106,0.0511,0.408,0.0072,0.439,0.114,0.25,inconclusive,taxspend,y_gpt4o_scale__gpt4o_summary
social:EAST-WEST,0.0537,0.0561,0.0024,0.0831,-0.068,0.1989,-0.0894,0.2393,0.99,0.25,equivalent,social,y_gpt4o_scale__gpt4o_summary
immigration:EAST-WEST,0.1,0.0977,-0.0023,0.1501,-0.1136,0.3529,-0.1483,0.4299,0.968,0.25,inconclusive,immigration,y_gpt4o_scale__gpt4o_summary
eu:EAST-WEST,-0.0508,-0.0502,0.0006,0.1091,-0.22,0.1284,-0.2473,0.1622,0.996,0.25,equivalent,eu,y_gpt4o_scale__gpt4o_summary
environment:EAST-WEST,0.4409,0.439,-0.0019,0.15,0.2157,0.7117,0.1725,0.7565,0.0,0.25,non-equivalent,environment,y_gpt4o_scale__gpt4o_summary
decentralization:EAST-WEST,-0.3063,-0.2638,0.0426,0.3806,-0.9456,0.2526,-1.0888,0.4273,0.986,0.25,inconclusive,decentralization,y_gpt4o_scale__gpt4o_summary
immigration:RR-CON,-0.0363,-0.0431,-0.0067,0.1801,-0.3051,0.2793,-0.3347,0.3368,1.0,0.25,inconclusive,immigration,y_open_deepseekv3
immigration:RR-CD,0.0695,0.0712,0.0017,0.0876,-0.0795,0.2048,-0.1021,0.2475,1.0,0.25,equivalent,immigration,y_open_deepseekv3
environment:ECO-SD,0.5701,0.5664,-0.0037,0.139,0.338,0.7937,0.2912,0.8356,0.028,0.25,non-equivalent,environment,y_open_deepseekv3
taxspend:SOC-CON,-0.038,-0.0449,-0.0069,0.1699,-0.3371,0.2255,-0.3989,0.2706,1.0,0.25,inconclusive,taxspend,y_open_deepseekv3
social:RR-LIB,-0.008,-0.0052,0.0028,0.1645,-0.2659,0.2527,-0.3304,0.3108,1.0,0.25,inconclusive,social,y_open_deepseekv3
taxspend:EAST-WEST,0.0743,0.0708,-0.0036,0.1041,-0.0974,0.2351,-0.1343,0.2611,0.99,0.25,equivalent,taxspend,y_open_deepseekv3
social:EAST-WEST,0.2102,0.2081,-0.0021,0.1089,0.0202,0.3752,-0.0302,0.4182,0.094,0.25,inconclusive,social,y_open_deepseekv3
immigration:EAST-WEST,0.1988,0.1926,-0.0063,0.1164,0.0206,0.3903,-0.0116,0.4089,0.158,0.25,inconclusive,immigration,y_open_deepseekv3
eu:EAST-WEST,-0.3145,-0.3151,-0.0006,0.1356,-0.5435,-0.0843,-0.5772,-0.0516,0.022,0.25,non-equivalent,eu,y_open_deepseekv3
environment:EAST-WEST,0.3018,0.2946,-0.0072,0.1272,0.0957,0.5186,0.0643,0.5704,0.124,0.25,inconclusive,environment,y_open_deepseekv3
decentralization:EAST-WEST,-0.0932,-0.0957,-0.0025,0.3519,-0.6412,0.5076,-0.7298,0.58,1.0,0.25,inconclusive,decentralization,y_open_deepseekv3
immigration:RR-CON,-0.0934,-0.0969,-0.0036,0.1868,-0.3713,0.2513,-0.422,0.3102,1.0,0.25,inconclusive,immigration,y_open_gemma3
immigration:RR-CD,-0.042,-0.0491,-0.0071,0.126,-0.2529,0.1595,-0.2979,0.1904,1.0,0.25,inconclusive,immigration,y_open_gemma3
environment:ECO-SD,0.2609,0.27,0.0091,0.1103,0.0676,0.4402,0.037,0.4819,0.54,0.25,inconclusive,environment,y_open_gemma3
taxspend:SOC-CON,-0.152,-0.1385,0.0135,0.1666,-0.4596,0.104,-0.5417,0.146,0.932,0.25,inconclusive,taxspend,y_open_gemma3
social:RR-LIB,0.1467,0.1433,-0.0034,0.1763,-0.0887,0.4461,-0.145,0.5315,0.94,0.25,inconclusive,social,y_open_gemma3
taxspend:EAST-WEST,-0.0084,-0.0168,-0.0085,0.1135,-0.2081,0.166,-0.2724,0.197,1.0,0.25,equivalent,taxspend,y_open_gemma3
social:EAST-WEST,-0.0245,-0.0249,-0.0004,0.0973,-0.1751,0.1329,-0.1911,0.174,1.0,0.25,equivalent,social,y_open_gemma3
immigration:EAST-WEST,0.0909,0.0882,-0.0026,0.102,-0.0748,0.268,-0.1023,0.2907,0.936,0.25,inconclusive,immigration,y_open_gemma3
eu:EAST-WEST,-0.218,-0.222,-0.004,0.1313,-0.4272,-0.0236,-0.4722,0.0227,0.276,0.25,inconclusive,eu,y_open_gemma3
environment:EAST-WEST,0.1689,0.1686,-0.0002,0.1033,0.0059,0.3317,-0.0253,0.364,0.464,0.25,inconclusive,environment,y_open_gemma3
decentralization:EAST-WEST,0.3551,0.3561,0.001,0.3577,-0.3066,0.8836,-0.4718,0.949,0.91,0.25,inconclusive,decentralization,y_open_gemma3
immigration:RR-CON,0.2537,0.2491,-0.0045,0.2783,-0.2494,0.6644,-0.3528,0.7278,0.934,0.25,inconclusive,immigration,y_open_llama33
immigration:RR-CD,0.2282,0.2279,-0.0003,0.1018,0.0678,0.3983,0.051,0.4475,0.918,0.25,inconclusive,immigration,y_open_llama33
environment:ECO-SD,0.0381,0.038,-0.0001,0.2248,-0.3476,0.3938,-0.4282,0.4277,1.0,0.25,inconclusive,environment,y_open_llama33
taxspend:SOC-CON,-0.2403,-0.237,0.0034,0.1539,-0.5046,0.0129,-0.5363,0.0597,0.704,0.25,inconclusive,taxspend,y_open_llama33
social:RR-LIB,0.1448,0.1509,0.0061,0.1643,-0.1118,0.4342,-0.1826,0.4674,0.974,0.25,inconclusive,social,y_open_llama33
taxspend:EAST-WEST,0.1718,0.1695,-0.0023,0.084,0.0301,0.3013,-0.0108,0.3315,0.46,0.25,inconclusive,taxspend,y_open_llama33
social:EAST-WEST,0.0946,0.0915,-0.003,0.1089,-0.0667,0.2907,-0.1067,0.3201,0.978,0.25,inconclusive,social,y_open_llama33
immigration:EAST-WEST,0.1797,0.1841,0.0045,0.1399,-0.0538,0.4066,-0.1008,0.4221,0.882,0.25,inconclusive,immigration,y_open_llama33
eu:EAST-WEST,0.0358,0.0341,-0.0017,0.1619,-0.2449,0.2887,-0.2764,0.348,1.0,0.25,inconclusive,eu,y_open_llama33
environment:EAST-WEST,0.1636,0.1604,-0.0032,0.202,-0.1722,0.4734,-0.2711,0.5611,0.992,0.25,inconclusive,environment,y_open_llama33
decentralization:EAST-WEST,0.0843,0.0787,-0.0055,5.6441,-0.6994,0.8458,-0.8996,0.9777,1.0,0.25,inconclusive,decentralization,y_open_llama33
